"DESCRIPTION","DURATION IN MS","NAME","PARENT SUITE","START TIME","STATUS","STOP TIME","SUB SUITE","SUITE","TEST CLASS","TEST METHOD"
"","10501","PDP Cart Flow: Add specific product, verify Mini Cart and Checkout","chromium","2026-10-01","failed","2026-10-01","","cart.spec.ts","",""
"","30072","Login with valid credentials","firefox","2026-10-01","broken","2026-10-01","","login.spec.ts","",""
"","5558","Homepage has Search Bar","chromium","2026-10-01","failed","2026-10-01","","homepage.spec.ts","",""
"","30047","Login with valid credentials","chromium","2026-10-01","broken","2026-10-01","","login.spec.ts","",""
"","5699","Homepage has Search Bar","mobile_chrome","2026-10-01","failed","2026-10-01","","homepage.spec.ts","",""
"","296","Login with valid credentials","mobile_safari","2026-10-01","skipped","2026-10-01","","login.spec.ts","",""
"","30047","Debug Header HTML","mobile_safari","2026-10-01","broken","2026-10-01","","debug-header.spec.ts","",""
"","30037","Debug Mobile Account Page","firefox","2026-10-01","broken","2026-10-01","","debug-mobile.spec.ts","",""
"","6731","Homepage has Search Bar","firefox","2026-10-01","failed","2026-10-01","","homepage.spec.ts","",""
"","30053","Logout flow","chromium","2026-10-01","broken","2026-10-01","","logout.spec.ts","",""
"","11554","PDP Cart Flow: Add specific product, verify Mini Cart and Checkout","firefox","2026-10-01","failed","2026-10-01","","cart.spec.ts","",""
"","1981","Debug Mobile Homepage & Cart (Guest)","firefox","2026-10-01","passed","2026-10-01","","debug-homepage-mobile.spec.ts","",""
"","863","Debug Mobile Homepage & Cart (Guest)","mobile_chrome","2026-10-01","passed","2026-10-01","","debug-homepage-mobile.spec.ts","",""
"","5488","Homepage has Mega Menu","mobile_chrome","2026-10-01","failed","2026-10-01","","homepage.spec.ts","",""
"","30046","Logout flow","mobile_chrome","2026-10-01","broken","2026-10-01","","logout.spec.ts","",""
"","329","Logout flow","mobile_safari","2026-10-01","skipped","2026-10-01","","logout.spec.ts","",""
"","30048","Debug Header HTML","chromium","2026-10-01","broken","2026-10-01","","debug-header.spec.ts","",""
"","691","Debug Mobile Homepage & Cart (Guest)","chromium","2026-10-01","passed","2026-10-01","","debug-homepage-mobile.spec.ts","",""
"","30044","Debug Header HTML","mobile_chrome","2026-10-01","broken","2026-10-01","","debug-header.spec.ts","",""
"","6111","Homepage has Mega Menu","mobile_safari","2026-10-01","failed","2026-10-01","","homepage.spec.ts","",""
"","30037","Login with valid credentials","mobile_chrome","2026-10-01","broken","2026-10-01","","login.spec.ts","",""
"","2709","PDP Cart Flow: Add specific product, verify Mini Cart and Checkout","mobile_safari","2026-10-01","skipped","2026-10-01","","cart.spec.ts","",""
"","30048","Debug Mobile Account Page","mobile_chrome","2026-10-01","broken","2026-10-01","","debug-mobile.spec.ts","",""
"","1457","Debug Mobile Homepage & Cart (Guest)","mobile_safari","2026-10-01","passed","2026-10-01","","debug-homepage-mobile.spec.ts","",""
"","30041","Debug Header HTML","firefox","2026-10-01","broken","2026-10-01","","debug-header.spec.ts","",""
"","30044","Debug Mobile Account Page","chromium","2026-10-01","broken","2026-10-01","","debug-mobile.spec.ts","",""
"","6546","Homepage has Mega Menu","firefox","2026-10-01","failed","2026-10-01","","homepage.spec.ts","",""
"","5502","Homepage has Mega Menu","chromium","2026-10-01","failed","2026-10-01","","homepage.spec.ts","",""
"","30037","Debug Mobile Account Page","mobile_safari","2026-10-01","broken","2026-10-01","","debug-mobile.spec.ts","",""
"","30043","Logout flow","firefox","2026-10-01","broken","2026-10-01","","logout.spec.ts","",""
"","10497","PDP Cart Flow: Add specific product, verify Mini Cart and Checkout","mobile_chrome","2026-10-01","failed","2026-10-01","","cart.spec.ts","",""
"","398","Homepage has Search Bar","mobile_safari","2026-10-01","skipped","2026-10-01","","homepage.spec.ts","",""
